{"cameraMode":{"drawMode":0,"name":"Shaded","section":"Shading Mode"},"sceneLighting":false,"audioPlay":false,"sceneViewState":{"showFog":true,"showMaterialUpdate":false,"showSkybox":false,"showFlares":true,"showImageEffects":true,"showParticleSystems":true,"showVisualEffectGraphs":true,"m_FxEnabled":true},"in2DMode":false,"pivot":{"x":-2.9802322387695315e-8,"y":0.30909600853919985,"z":-0.02208462357521057},"rotation":{"x":-0.011754324659705162,"y":0.9906451106071472,"z":-0.08044783771038056,"w":-0.11476955562829972},"size":0.49000948667526247,"orthographic":false}