{"cameraMode":{"drawMode":0,"name":"Shaded","section":"Shading Mode"},"sceneLighting":false,"audioPlay":false,"sceneViewState":{"showFog":true,"showMaterialUpdate":false,"showSkybox":false,"showFlares":true,"showImageEffects":true,"showParticleSystems":true,"showVisualEffectGraphs":true,"m_FxEnabled":true},"in2DMode":false,"pivot":{"x":148.55018615722657,"y":1388.4456787109375,"z":0.7281036376953125},"rotation":{"x":0.00008905077265808359,"y":-0.974906325340271,"z":0.22344925999641419,"w":-0.0009215650497935712},"size":198.8997802734375,"orthographic":false}