{"cameraMode":{"drawMode":0,"name":"Shaded","section":"Shading Mode"},"sceneLighting":false,"audioPlay":false,"sceneViewState":{"showFog":true,"showMaterialUpdate":false,"showSkybox":false,"showFlares":true,"showImageEffects":true,"showParticleSystems":true,"showVisualEffectGraphs":true,"m_FxEnabled":true},"in2DMode":false,"pivot":{"x":1016.0592041015625,"y":2950.908935546875,"z":357.65185546875},"rotation":{"x":-0.07525192946195603,"y":0.003591889748349786,"z":-0.000010093392120325007,"w":-0.9973441958427429},"size":812.9074096679688,"orthographic":false}