{"cameraMode":{"drawMode":0,"name":"Shaded","section":"Shading Mode"},"sceneLighting":true,"audioPlay":false,"sceneViewState":{"showFog":true,"showMaterialUpdate":false,"showSkybox":true,"showFlares":true,"showImageEffects":true,"showParticleSystems":true,"showVisualEffectGraphs":true,"m_FxEnabled":true},"in2DMode":false,"pivot":{"x":-0.18549484014511109,"y":1.8347997665405274,"z":0.9787172675132752},"rotation":{"x":0.2336643934249878,"y":0.1853538155555725,"z":-0.04535376653075218,"w":0.9535084366798401},"size":2.437333106994629,"orthographic":false}