{"cameraMode":{"drawMode":0,"name":"Shaded","section":"Shading Mode"},"sceneLighting":true,"audioPlay":false,"sceneViewState":{"showFog":true,"showMaterialUpdate":false,"showSkybox":true,"showFlares":true,"showImageEffects":true,"showParticleSystems":true,"showVisualEffectGraphs":true,"m_FxEnabled":true},"in2DMode":false,"pivot":{"x":-1.5961697101593018,"y":1.0923324823379517,"z":1.1053675413131714},"rotation":{"x":-0.012877928093075753,"y":-0.36154550313949587,"z":0.004989227280020714,"w":-0.9324176907539368},"size":-2.4745426177978517,"orthographic":false}