{"cameraMode":{"drawMode":0,"name":"Shaded","section":"Shading Mode"},"sceneLighting":true,"audioPlay":false,"sceneViewState":{"showFog":true,"showMaterialUpdate":false,"showSkybox":true,"showFlares":true,"showImageEffects":true,"showParticleSystems":true,"showVisualEffectGraphs":true,"m_FxEnabled":true},"in2DMode":false,"pivot":{"x":-12.478132247924805,"y":1.207549810409546,"z":6.858876705169678},"rotation":{"x":-0.005683231633156538,"y":0.7415532469749451,"z":0.004553646314889193,"w":0.6714144349098206},"size":1.5401923656463624,"orthographic":false}