{"cameraMode":{"drawMode":0,"name":"Shaded","section":"Shading Mode"},"sceneLighting":false,"audioPlay":false,"sceneViewState":{"showFog":true,"showMaterialUpdate":false,"showSkybox":false,"showFlares":true,"showImageEffects":true,"showParticleSystems":true,"showVisualEffectGraphs":true,"m_FxEnabled":true},"in2DMode":false,"pivot":{"x":-0.26577329635620119,"y":0.5651781558990479,"z":0.13635897636413575},"rotation":{"x":0.05365406349301338,"y":0.9396160840988159,"z":-0.17423155903816224,"w":0.2900095283985138},"size":2.514491558074951,"orthographic":false}