{"cameraMode":{"drawMode":0,"name":"Shaded","section":"Shading Mode"},"sceneLighting":false,"audioPlay":false,"sceneViewState":{"showFog":true,"showMaterialUpdate":false,"showSkybox":false,"showFlares":true,"showImageEffects":true,"showParticleSystems":true,"showVisualEffectGraphs":true,"m_FxEnabled":true},"in2DMode":false,"pivot":{"x":-0.11684894561767578,"y":0.6255164742469788,"z":-0.055793046951293948},"rotation":{"x":0.13358384370803834,"y":0.585347056388855,"z":-0.09864075481891632,"w":0.7937318086624146},"size":1.922044277191162,"orthographic":false}