{"cameraMode":{"drawMode":0,"name":"Shaded","section":"Shading Mode"},"sceneLighting":false,"audioPlay":false,"sceneViewState":{"showFog":true,"showMaterialUpdate":false,"showSkybox":false,"showFlares":true,"showImageEffects":true,"showParticleSystems":true,"showVisualEffectGraphs":true,"m_FxEnabled":true},"in2DMode":false,"pivot":{"x":3.9582390785217287,"y":5.2826690673828129,"z":-0.09965658187866211},"rotation":{"x":-0.010647966526448727,"y":0.9857513904571533,"z":-0.1553315967321396,"w":-0.06575478613376618},"size":9.453021049499512,"orthographic":false}