{"cameraMode":{"drawMode":0,"name":"Shaded","section":"Shading Mode"},"sceneLighting":false,"audioPlay":false,"sceneViewState":{"showFog":true,"showMaterialUpdate":false,"showSkybox":false,"showFlares":true,"showImageEffects":true,"showParticleSystems":true,"showVisualEffectGraphs":true,"m_FxEnabled":true},"in2DMode":false,"pivot":{"x":527.3847045898438,"y":378.547607421875,"z":-447.4974365234375},"rotation":{"x":0.01980811543762684,"y":0.006309708580374718,"z":-0.00012363458517938852,"w":0.9997869729995728},"size":106.15785217285156,"orthographic":false}