{"cameraMode":{"drawMode":0,"name":"Shaded","section":"Shading Mode"},"sceneLighting":false,"audioPlay":false,"sceneViewState":{"showFog":true,"showMaterialUpdate":false,"showSkybox":false,"showFlares":true,"showImageEffects":true,"showParticleSystems":true,"showVisualEffectGraphs":true,"m_FxEnabled":true},"in2DMode":false,"pivot":{"x":274.1358947753906,"y":588.457763671875,"z":-142.57778930664063},"rotation":{"x":0.004198198672384024,"y":-0.03541939705610275,"z":0.00010327217751182616,"w":-0.9995482563972473},"size":152.48736572265626,"orthographic":false}