{"cameraMode":{"drawMode":0,"name":"Shaded","section":"Shading Mode"},"sceneLighting":false,"audioPlay":false,"sceneViewState":{"showFog":true,"showMaterialUpdate":false,"showSkybox":false,"showFlares":true,"showImageEffects":true,"showParticleSystems":true,"showVisualEffectGraphs":true,"m_FxEnabled":true},"in2DMode":false,"pivot":{"x":-0.010827898979187012,"y":0.40192168951034548,"z":0.430680513381958},"rotation":{"x":0.12694235146045686,"y":0.5105692744255066,"z":-0.0766291692852974,"w":0.8470820784568787},"size":1.6516799926757813,"orthographic":false}