{"cameraMode":{"drawMode":0,"name":"Shaded","section":"Shading Mode"},"sceneLighting":true,"audioPlay":false,"sceneViewState":{"showFog":true,"showMaterialUpdate":false,"showSkybox":false,"showFlares":true,"showImageEffects":true,"showParticleSystems":true,"showVisualEffectGraphs":true,"m_FxEnabled":true},"in2DMode":false,"pivot":{"x":-0.08126997947692871,"y":-1.111899971961975,"z":0.0615999698638916},"rotation":{"x":0.16577711701393128,"y":0.47702673077583315,"z":-0.09213147312402725,"w":0.8582211136817932},"size":4.132720470428467,"orthographic":false}