{"cameraMode":{"drawMode":0,"name":"Shaded","section":"Shading Mode"},"sceneLighting":false,"audioPlay":false,"sceneViewState":{"showFog":true,"showMaterialUpdate":false,"showSkybox":false,"showFlares":true,"showImageEffects":true,"showParticleSystems":true,"showVisualEffectGraphs":true,"m_FxEnabled":true},"in2DMode":false,"pivot":{"x":-0.0857231616973877,"y":0.33577990531921389,"z":-0.0022058486938476564},"rotation":{"x":0.13358384370803834,"y":0.585347056388855,"z":-0.09864075481891632,"w":0.7937318086624146},"size":1.599924087524414,"orthographic":false}