{"cameraMode":{"drawMode":0,"name":"Shaded","section":"Shading Mode"},"sceneLighting":false,"audioPlay":false,"sceneViewState":{"showFog":true,"showMaterialUpdate":false,"showSkybox":false,"showFlares":true,"showImageEffects":true,"showParticleSystems":true,"showVisualEffectGraphs":true,"m_FxEnabled":true},"in2DMode":false,"pivot":{"x":0.07870179414749146,"y":0.17949673533439637,"z":-0.042270638048648837},"rotation":{"x":0.003733114106580615,"y":0.9836599826812744,"z":-0.17932218313217164,"w":0.023051206022500993},"size":0.3073950409889221,"orthographic":false}