{"cameraMode":{"drawMode":0,"name":"Shaded","section":"Shading Mode"},"sceneLighting":false,"audioPlay":false,"sceneViewState":{"showFog":true,"showMaterialUpdate":false,"showSkybox":false,"showFlares":true,"showImageEffects":true,"showParticleSystems":true,"showVisualEffectGraphs":true,"m_FxEnabled":true},"in2DMode":false,"pivot":{"x":0.07634911686182022,"y":0.15958869457244874,"z":0.05688972771167755},"rotation":{"x":0.00013165037671569735,"y":0.8053022623062134,"z":-0.5931116938591003,"w":0.0009521182510070503},"size":0.33431464433670046,"orthographic":false}