{"cameraMode":{"drawMode":0,"name":"Shaded","section":"Shading Mode"},"sceneLighting":false,"audioPlay":false,"sceneViewState":{"showFog":true,"showMaterialUpdate":false,"showSkybox":false,"showFlares":true,"showImageEffects":true,"showParticleSystems":true,"showVisualEffectGraphs":true,"m_FxEnabled":true},"in2DMode":false,"pivot":{"x":0.38363397121429446,"y":0.3350180685520172,"z":2.715029001235962},"rotation":{"x":0.15588247776031495,"y":0.8165443539619446,"z":-0.26165175437927248,"w":0.4914962351322174},"size":0.41859757900238039,"orthographic":false}