{"cameraMode":{"drawMode":0,"name":"Shaded","section":"Shading Mode"},"sceneLighting":true,"audioPlay":false,"sceneViewState":{"showFog":true,"showMaterialUpdate":false,"showSkybox":false,"showFlares":true,"showImageEffects":true,"showParticleSystems":true,"showVisualEffectGraphs":true,"m_FxEnabled":true},"in2DMode":false,"pivot":{"x":0.11371485888957977,"y":0.31717100739479067,"z":3.260387897491455},"rotation":{"x":0.09464775025844574,"y":0.02120944857597351,"z":-0.002016967162489891,"w":0.9953214526176453},"size":2.1521036624908449,"orthographic":false}