{"cameraMode":{"drawMode":0,"name":"Shaded","section":"Shading Mode"},"sceneLighting":false,"audioPlay":false,"sceneViewState":{"showFog":true,"showMaterialUpdate":false,"showSkybox":false,"showFlares":true,"showImageEffects":true,"showParticleSystems":true,"showVisualEffectGraphs":true,"m_FxEnabled":true},"in2DMode":false,"pivot":{"x":-1.4901161193847657e-8,"y":0.319001168012619,"z":-0.02033960074186325},"rotation":{"x":0.05968125909566879,"y":-0.7785906195640564,"z":0.06973499804735184,"w":0.6217332482337952},"size":0.4888339936733246,"orthographic":false}