{"cameraMode":{"drawMode":0,"name":"Shaded","section":"Shading Mode"},"sceneLighting":false,"audioPlay":false,"sceneViewState":{"showFog":true,"showMaterialUpdate":false,"showSkybox":false,"showFlares":true,"showImageEffects":true,"showParticleSystems":true,"showVisualEffectGraphs":true,"m_FxEnabled":true},"in2DMode":false,"pivot":{"x":10.992584228515625,"y":0.43718910217285159,"z":12.341236114501954},"rotation":{"x":-0.16148601472377778,"y":-0.49273723363876345,"z":0.09375933557748795,"w":-0.8500488996505737},"size":11.605117797851563,"orthographic":false}