{"cameraMode":{"drawMode":0,"name":"Shaded","section":"Shading Mode"},"sceneLighting":false,"audioPlay":false,"sceneViewState":{"showFog":true,"showMaterialUpdate":false,"showSkybox":false,"showFlares":true,"showImageEffects":true,"showParticleSystems":true,"showVisualEffectGraphs":true,"m_FxEnabled":true},"in2DMode":false,"pivot":{"x":3.003540515899658,"y":8.455930709838868,"z":-1.2497209310531617},"rotation":{"x":0.0011635130504146219,"y":0.9974588751792908,"z":-0.06924448907375336,"w":0.016759689897298814},"size":12.763951301574707,"orthographic":false}