{"cameraMode":{"drawMode":0,"name":"Shaded","section":"Shading Mode"},"sceneLighting":false,"audioPlay":false,"sceneViewState":{"showFog":true,"showMaterialUpdate":false,"showSkybox":false,"showFlares":true,"showImageEffects":true,"showParticleSystems":true,"showVisualEffectGraphs":true,"m_FxEnabled":true},"in2DMode":false,"pivot":{"x":182.7249755859375,"y":1400.9219970703125,"z":21.04010009765625},"rotation":{"x":-0.10933440178632736,"y":-0.06793832778930664,"z":0.007749808020889759,"w":-0.9918361306190491},"size":207.65933227539063,"orthographic":false}