{"cameraMode":{"drawMode":0,"name":"Shaded","section":"Shading Mode"},"sceneLighting":false,"audioPlay":false,"sceneViewState":{"showFog":true,"showMaterialUpdate":false,"showSkybox":false,"showFlares":true,"showImageEffects":true,"showParticleSystems":true,"showVisualEffectGraphs":true,"m_FxEnabled":true},"in2DMode":false,"pivot":{"x":-0.5346956253051758,"y":0.17000000178813935,"z":0.5957212448120117},"rotation":{"x":0.37682047486305239,"y":-0.06355935335159302,"z":0.02592325210571289,"w":0.9237795472145081},"size":10.101524353027344,"orthographic":false}