{"cameraMode":{"drawMode":0,"name":"Shaded","section":"Shading Mode"},"sceneLighting":false,"audioPlay":false,"sceneViewState":{"showFog":true,"showMaterialUpdate":false,"showSkybox":false,"showFlares":true,"showImageEffects":true,"showParticleSystems":true,"showVisualEffectGraphs":true,"m_FxEnabled":true},"in2DMode":false,"pivot":{"x":0.017306208610534669,"y":-0.0106889009475708,"z":-0.282052606344223},"rotation":{"x":0.3658824563026428,"y":-0.5804886221885681,"z":0.32207733392715456,"w":0.6532145738601685},"size":0.6069282293319702,"orthographic":false}