{"cameraMode":{"drawMode":0,"name":"Shaded","section":"Shading Mode"},"sceneLighting":false,"audioPlay":false,"sceneViewState":{"showFog":true,"showMaterialUpdate":false,"showSkybox":false,"showFlares":true,"showImageEffects":true,"showParticleSystems":true,"showVisualEffectGraphs":true,"m_FxEnabled":true},"in2DMode":false,"pivot":{"x":742.5462646484375,"y":1463.9268798828125,"z":-134.670654296875},"rotation":{"x":0.17500001192092896,"y":0.004641553852707148,"z":-0.003134374739602208,"w":0.9851861000061035},"size":1058.2777099609375,"orthographic":false}