{"cameraMode":{"drawMode":0,"name":"Shaded","section":"Shading Mode"},"sceneLighting":false,"audioPlay":false,"sceneViewState":{"showFog":true,"showMaterialUpdate":false,"showSkybox":false,"showFlares":true,"showImageEffects":true,"showParticleSystems":true,"showVisualEffectGraphs":true,"m_FxEnabled":true},"in2DMode":false,"pivot":{"x":5.758068084716797,"y":5.942075252532959,"z":-4.1270623207092289},"rotation":{"x":0.0018998690648004413,"y":-0.7854530811309815,"z":-0.000017285850844928063,"w":-0.6197687387466431},"size":1.524744987487793,"orthographic":false}