{"cameraMode":{"drawMode":0,"name":"Shaded","section":"Shading Mode"},"sceneLighting":true,"audioPlay":false,"sceneViewState":{"showFog":true,"showMaterialUpdate":false,"showSkybox":true,"showFlares":true,"showImageEffects":true,"showParticleSystems":true,"showVisualEffectGraphs":true,"m_FxEnabled":true},"in2DMode":false,"pivot":{"x":-0.023810070008039476,"y":1.760733723640442,"z":1.9516199827194214},"rotation":{"x":0.0006151229026727378,"y":0.9369009137153626,"z":-0.3513873517513275,"w":0.00578694324940443},"size":1.1673364639282227,"orthographic":false}