{"cameraMode":{"drawMode":0,"name":"Shaded","section":"Shading Mode"},"sceneLighting":false,"audioPlay":false,"sceneViewState":{"showFog":true,"showMaterialUpdate":false,"showSkybox":false,"showFlares":true,"showImageEffects":true,"showParticleSystems":true,"showVisualEffectGraphs":true,"m_FxEnabled":true},"in2DMode":false,"pivot":{"x":709.6213989257813,"y":1873.0184326171875,"z":247.12020874023438},"rotation":{"x":0.05343139171600342,"y":0.06453552097082138,"z":0.005821066442877054,"w":-0.9970503449440002},"size":13.608617782592774,"orthographic":false}