{"cameraMode":{"drawMode":0,"name":"Shaded","section":"Shading Mode"},"sceneLighting":false,"audioPlay":false,"sceneViewState":{"showFog":true,"showMaterialUpdate":false,"showSkybox":false,"showFlares":true,"showImageEffects":true,"showParticleSystems":true,"showVisualEffectGraphs":true,"m_FxEnabled":true},"in2DMode":false,"pivot":{"x":0.11273002624511719,"y":0.574777364730835,"z":-0.05146360397338867},"rotation":{"x":0.08827077597379685,"y":0.9011452198028565,"z":-0.2227383702993393,"w":0.36277657747268679},"size":3.3876588344573976,"orthographic":false}