{"cameraMode":{"drawMode":0,"name":"Shaded","section":"Shading Mode"},"sceneLighting":false,"audioPlay":false,"sceneViewState":{"showFog":true,"showMaterialUpdate":false,"showSkybox":false,"showFlares":true,"showImageEffects":true,"showParticleSystems":true,"showVisualEffectGraphs":true,"m_FxEnabled":true},"in2DMode":false,"pivot":{"x":0.02891591191291809,"y":0.09301435202360153,"z":0.13414224982261659},"rotation":{"x":-0.049366869032382968,"y":0.9478817582130432,"z":-0.25952160358428957,"w":-0.17890743911266328},"size":0.055742859840393069,"orthographic":false}