{"cameraMode":{"drawMode":0,"name":"Shaded","section":"Shading Mode"},"sceneLighting":false,"audioPlay":false,"sceneViewState":{"showFog":true,"showMaterialUpdate":false,"showSkybox":false,"showFlares":true,"showImageEffects":true,"showParticleSystems":true,"showVisualEffectGraphs":true,"m_FxEnabled":true},"in2DMode":false,"pivot":{"x":-0.02341914176940918,"y":0.6180270910263062,"z":0.17528462409973145},"rotation":{"x":0.002250394318252802,"y":0.9730834364891052,"z":-0.23228825628757478,"w":0.014801418408751488},"size":3.398446559906006,"orthographic":false}