{"cameraMode":{"drawMode":0,"name":"Shaded","section":"Shading Mode"},"sceneLighting":false,"audioPlay":false,"sceneViewState":{"showFog":true,"showMaterialUpdate":false,"showSkybox":false,"showFlares":true,"showImageEffects":true,"showParticleSystems":true,"showVisualEffectGraphs":true,"m_FxEnabled":true},"in2DMode":false,"pivot":{"x":41.62439727783203,"y":36.913761138916019,"z":-9.57284927368164},"rotation":{"x":0.0009119485039263964,"y":0.998386800289154,"z":-0.054275527596473697,"w":0.016775283962488176},"size":19.630172729492189,"orthographic":false}