{"cameraMode":{"drawMode":0,"name":"Shaded","section":"Shading Mode"},"sceneLighting":true,"audioPlay":false,"sceneViewState":{"showFog":true,"showMaterialUpdate":false,"showSkybox":false,"showFlares":true,"showImageEffects":true,"showParticleSystems":true,"showVisualEffectGraphs":true,"m_FxEnabled":true},"in2DMode":false,"pivot":{"x":-1.3654521703720093,"y":-10.225203514099121,"z":-92.8148422241211},"rotation":{"x":-0.0005803521489724517,"y":0.9980048537254334,"z":-0.0632651224732399,"w":-0.008992222137749195},"size":50.374874114990237,"orthographic":false}