{"cameraMode":{"drawMode":0,"name":"Shaded","section":"Shading Mode"},"sceneLighting":false,"audioPlay":false,"sceneViewState":{"showFog":true,"showMaterialUpdate":false,"showSkybox":false,"showFlares":true,"showImageEffects":true,"showParticleSystems":true,"showVisualEffectGraphs":true,"m_FxEnabled":true},"in2DMode":false,"pivot":{"x":0.1907654106616974,"y":-0.15019527077674867,"z":0.14244604110717774},"rotation":{"x":-0.00021950883092358708,"y":-0.9992804527282715,"z":0.039300817996263507,"w":-0.006896808743476868},"size":1.2471122741699219,"orthographic":false}