{"cameraMode":{"drawMode":0,"name":"Shaded","section":"Shading Mode"},"sceneLighting":false,"audioPlay":false,"sceneViewState":{"showFog":true,"showMaterialUpdate":false,"showSkybox":false,"showFlares":true,"showImageEffects":true,"showParticleSystems":true,"showVisualEffectGraphs":true,"m_FxEnabled":true},"in2DMode":false,"pivot":{"x":-0.4740850627422333,"y":-0.8119128346443176,"z":-2.3444135189056398},"rotation":{"x":0.011907168664038182,"y":-0.9830520749092102,"z":0.17006844282150269,"w":0.06852264702320099},"size":2.1170156002044679,"orthographic":false}