{"cameraMode":{"drawMode":0,"name":"Shaded","section":"Shading Mode"},"sceneLighting":false,"audioPlay":false,"sceneViewState":{"showFog":true,"showMaterialUpdate":false,"showSkybox":false,"showFlares":true,"showImageEffects":true,"showParticleSystems":true,"showVisualEffectGraphs":true,"m_FxEnabled":true},"in2DMode":false,"pivot":{"x":-0.52098548412323,"y":0.1674521267414093,"z":-0.35138726234436037},"rotation":{"x":-0.001798367826268077,"y":-0.9868614077568054,"z":0.16159752011299134,"w":-0.011256265453994275},"size":1.2401924133300782,"orthographic":false}